{
  "L_values": [
    5,
    10,
    20,
    50,
    100,
    200,
    500,
    1000,
    2000,
    5000
  ],
  "n_seeds": 20,
  "delta_q": 0.05,
  "abstain_w": 0.25,
  "delta": {
    "acs-income": 0.07780482823375341,
    "trec-num": 0.00595876579002145
  },
  "labels": {
    "acs-income": "ACSIncome (CA, 2018)",
    "trec-num": "TREC (NUM vs rest, MiniLM-L6)"
  },
  "dims": {
    "acs-income": 68,
    "trec-num": 384
  },
  "text_task": "trec-num",
  "delta_sweep_dataset": "acs-income",
  "adaptive": {
    "acs-income": {
      "mean": [
        0.36427853492333895,
        0.3423083475298126,
        0.30544889267461667,
        0.21994548551959117,
        0.14715672913117547,
        0.07685604770017036,
        0.024454855195911424,
        0.01307751277683134,
        0.006439522998296421,
        0.002974446337308351
      ],
      "ci": [
        0.026698244275971655,
        0.02610568950278865,
        0.02175036237687341,
        0.01334705715245925,
        0.007518545405614479,
        0.006711008482219126,
        0.0019419666705333307,
        0.0010415539270163504,
        0.0006880053485374669,
        0.00016401456692966237
      ]
    },
    "trec-num": {
      "mean": [
        0.40625,
        0.3608333333333333,
        0.2844791666666667,
        0.18875,
        0.14708333333333334,
        0.11614583333333335,
        0.06479166666666666,
        0.029791666666666668,
        0.008541666666666642,
        0.0008333333333333304
      ],
      "ci": [
        0.03135348479470711,
        0.03331517465920146,
        0.03070795125509169,
        0.009108478394055222,
        0.0078901203120112,
        0.005826709506822921,
        0.004729584087768694,
        0.0032599437398725863,
        0.001507606202556989,
        0.0005462324441489479
      ]
    }
  },
  "random": {
    "acs-income": {
      "mean": [
        0.3699139693356047,
        0.30317291311754685,
        0.26420102214650776,
        0.19623679727427595,
        0.128381601362862,
        0.07628194207836456,
        0.03479557069846678,
        0.018134582623509372,
        0.009786201022146512,
        0.0048620102214650684
      ],
      "ci": [
        0.02360620213853475,
        0.017521212059763386,
        0.015254981091345552,
        0.011657938071519295,
        0.005689180541620101,
        0.004780027958364123,
        0.002395991637397299,
        0.0011677965112515383,
        0.0005897745360686011,
        0.0003101906230740308
      ]
    },
    "trec-num": {
      "mean": [
        0.3986458333333333,
        0.3634375,
        0.24958333333333332,
        0.15354166666666663,
        0.11635416666666668,
        0.06927083333333332,
        0.05218750000000001,
        0.034999999999999996,
        0.025416666666666688,
        0.014583333333333282
      ],
      "ci": [
        0.04533601049684971,
        0.036677664556275,
        0.02929833787673256,
        0.00540661381580156,
        0.004264925952991791,
        0.0037456596470475615,
        0.0037292235122590852,
        0.00307286987029488,
        0.0021889425068387655,
        0.0
      ]
    }
  },
  "protocolA": {
    "acs-income": [
      0.32358688245315165,
      0.3152376490630323,
      0.27657580919931857,
      0.2057640545144804,
      0.14896422487223168,
      0.09021890971039181,
      0.04473168654173765,
      0.024114991482112436,
      0.012795570698466773,
      0.00504429301533219
    ],
    "trec-num": [
      0.38552083333333337,
      0.34208333333333335,
      0.2171875,
      0.15322916666666667,
      0.11499999999999999,
      0.07208333333333333,
      0.03854166666666666,
      0.010624999999999978,
      0.001041666666666663,
      0.0
    ]
  },
  "protocolB": {
    "acs-income": [
      0.1263083475298126,
      0.12329471890971042,
      0.11832027257240205,
      0.09404855195911413,
      0.042258091993185684,
      0.015282793867120942,
      0.002776831345826236,
      0.0010221465076660995,
      0.00024190800681430646,
      5.4514480408840435e-05
    ],
    "trec-num": [
      0.04822916666666666,
      0.042499999999999996,
      0.051041666666666666,
      0.04239583333333333,
      0.043125000000000004,
      0.03010416666666667,
      0.016770833333333325,
      0.006979166666666642,
      0.0026041666666666574,
      0.001770833333333327
    ]
  },
  "fits": {
    "acs-income": {
      "beta": 0.0007671017648364697,
      "r2": 0.7116533846479057,
      "n_points": 7
    },
    "trec-num": {
      "beta": 0.0016384197978651445,
      "r2": 0.9578367494516943,
      "n_points": 7
    }
  },
  "delta_sweep": {
    "0.0200": {
      "delta": 0.03241523451102749,
      "q": 0.02,
      "beta": 0.0008768211635490889,
      "r2": 0.7469669651706746,
      "mean": [
        0.3636925042589437,
        0.34365928449744465,
        0.3192086882453152,
        0.23185945485519593,
        0.16609199318568996,
        0.0785741056218058,
        0.023780238500851775,
        0.011252129471890976,
        0.005345826235093687,
        0.001840715502555368
      ]
    },
    "0.0500": {
      "delta": 0.07780482823375341,
      "q": 0.05,
      "beta": 0.0007671017648364697,
      "r2": 0.7116533846479057,
      "mean": [
        0.36427853492333895,
        0.3423083475298126,
        0.30544889267461667,
        0.21994548551959117,
        0.14715672913117547,
        0.07685604770017036,
        0.024454855195911424,
        0.01307751277683134,
        0.006439522998296421,
        0.002974446337308351
      ]
    },
    "0.1000": {
      "delta": 0.16073095478854632,
      "q": 0.1,
      "beta": 0.0006357950057371474,
      "r2": 0.6936086029686649,
      "mean": [
        0.36226746166950596,
        0.3425332197614991,
        0.30072061328790456,
        0.20966950596252132,
        0.14634923339011924,
        0.08148807495741055,
        0.03066013628620103,
        0.018117546848381606,
        0.010709540034071551,
        0.005643100511073251
      ]
    },
    "0.2000": {
      "delta": 0.33265191158311874,
      "q": 0.2,
      "beta": 0.0005429500807539152,
      "r2": 0.6388296374910158,
      "mean": [
        0.3565630323679727,
        0.33006984667802386,
        0.2846465076660988,
        0.20621039182282797,
        0.17301022146507666,
        0.09126320272572402,
        0.04442248722316865,
        0.028571550255536638,
        0.01926149914821123,
        0.01312947189097105
      ]
    },
    "0.4000": {
      "delta": 0.6963371570393802,
      "q": 0.4,
      "beta": 0.0003827192757613662,
      "r2": 0.5994143326553448,
      "mean": [
        0.34506899488926746,
        0.3252189097103918,
        0.2822572402044293,
        0.22635519591141398,
        0.20805451448040885,
        0.1227649063032368,
        0.07038841567291311,
        0.050626064735945484,
        0.04022913117546849,
        0.03236456558773424
      ]
    }
  },
  "rate_vs_dim": {
    "acs-income": {
      "dim": 68,
      "L_star": 1000
    },
    "trec-num": {
      "dim": 384,
      "L_star": 2000
    }
  }
}